{"bidule":"chose","green":false,"continued":1055864098,"stand":["familiar",{"pilot":-2041563400,"fuel":false,"attention":2.1947208007866812E8,"stomach":true,"wore":"smaller","cookies":2053309173},false,true,-1474611476,-1.5958669733401148E9],"neck":"listen","pictured":-2.874455806602192E7,"building":-9.318990493014283E8}