{
  "stand": [
    "familiar",
    {
      "attention": 219472080.07866812,
      "fuel": false,
      "cookies": 2053309173,
      "stomach": true,
      "pilot": -2041563400,
      "wore": "smaller"
    },
    false,
    true,
    -1474611476,
    -1595866973.3401148
  ],
  "building": -931899049.3014283,
  "neck": "listen",
  "continued": 1055864098,
  "pictured": -28744558.06602192,
  "green": false
}